{"assets/fonts/readex-bold.ttf":["assets/fonts/readex-bold.ttf"],"assets/fonts/readex.ttf":["assets/fonts/readex.ttf"],"assets/images/logo.png":["assets/images/logo.png"],"assets/images/logo.svg":["assets/images/logo.svg"],"assets/images/missing.png":["assets/images/missing.png"],"packages/camerawesome/assets/icons/16_9.png":["packages/camerawesome/assets/icons/16_9.png"],"packages/camerawesome/assets/icons/1_1.png":["packages/camerawesome/assets/icons/1_1.png"],"packages/camerawesome/assets/icons/4_3.png":["packages/camerawesome/assets/icons/4_3.png"],"packages/camerawesome/assets/icons/expanded.png":["packages/camerawesome/assets/icons/expanded.png"],"packages/camerawesome/assets/icons/minimized.png":["packages/camerawesome/assets/icons/minimized.png"],"packages/cupertino_icons/assets/CupertinoIcons.ttf":["packages/cupertino_icons/assets/CupertinoIcons.ttf"],"packages/fluent_ui/assets/AcrylicNoise.png":["packages/fluent_ui/assets/AcrylicNoise.png"],"packages/fluent_ui/fonts/FluentIcons.ttf":["packages/fluent_ui/fonts/FluentIcons.ttf"]}